{"last_tab":"7","ex_themes_extractor_apk_status_post_":"publish","ex_themes_extractor_apk_language_":"en-US","ex_themes_extractor_apk_title_":"title","ex_themes_extractor_apk_permalink_":"title","title_app_name_active_":"","duplicate_post":"1","ex_themes_logo_headers_active_":"1","header_logo":{"url":"https:\/\/demo-5play.test\/wp-content\/themes\/5play\/assets\/img\/logos.png","id":"","height":"","width":"","thumbnail":"","title":"","caption":"","alt":"","description":""},"aktif_favicon":"1","favicon":{"url":"https:\/\/demo-5play.test\/wp-content\/themes\/5play\/assets\/img\/logo_footer.png","id":"","height":"","width":"","thumbnail":"","title":"","caption":"","alt":"","description":""},"ex_themes_footers_code_active_":"","ex_themes_footers_code_":"","ex_themes_footers_copyrights_active_":"","ex_themes_footers_copyrights_code_":"<a href='https:\/\/demo-5play.test'>5play Themes Premium<\/a> - \u00a9 <script type='text\/javascript'>var creditsyear = new Date();document.write(creditsyear.getFullYear());<\/script> All rights reserved - Developer by <a href='https:\/\/exthem.es' title='premium wordpress themes - Exthemes Devs'><strong style='text-transform: capitalize;'>Exthemes Devs<\/strong><\/a>","font_body":"'Segoe UI', sans-serif","font_body_link_custom":"https:\/\/fonts.cdnfonts.com\/css\/segoe-ui-4","bg_color":"#EFF7F1","bg_color_dark":"#172B3D","header_color":"#ffffff","header_color_dark":"#2A4055","footer_color":"#142636","footer_color_dark":"#091521","color_link":"#999999","color_link_dark":"#ffffff","color_link_hover":"#438bd3","color_link_menu":"#000000","color_link_menu_dark":"#ffffff","color_text":"#172B3D","color_text_dark":"#ffffff","color_button":"#008080","color_border_button":"#008080","color_button_hover":"#008080","color_svg":"#008080","color_svg_hover":"#008080","color_rgba":"#FEDE4A","color_rgba_background":"#008080","color_sosmed_icon":"#008080","color_s_yellow":"#f9bd3b","color_s_yellow_bg":"#FEDE4A","color_s_yellow_bg_2":"#F8B035","color_s_green":"#45c368","color_s_green_bg":"#4CCB70","color_s_green_bg_2":"#3DBA60","color_s_purple":"#9248e1","color_s_purple_bg":"#9B54E8","color_s_purple_bg_2":"#7126C1","color_s_red":"#fb614a","color_s_red_bg":"#FF715C","color_s_red_bg_2":"#F74A2F","color_s_blue":"#37a9e4","color_s_blue_bg":"#38B9E6","color_s_blue_bg_2":"#368BE1","dark_section_bg":"#172B3D","dark_section_bg_dark":"#0F1F2E","entry_bg":"#ffffff","entry_bg_dark":"#273D52","opacity":"1","ex_themes_menu_header_":"<a class=\"hm-games\" itemprop=\"url\" href=\"https:\/\/demo-5play.test\"><span itemprop=\"name\"><i class=\"s-yellow c-icon\"><svg width=\"24\" height=\"24\"><use xlink:href=\"#i__gamepad\"><\/use><\/svg><\/i>Games<\/span><\/a>\r\n<a class=\"hm-apps\" itemprop=\"url\" href=\"https:\/\/demo-5play.test\"><span itemprop=\"name\"><i class=\"s-purple c-icon\"><svg width=\"24\" height=\"24\"><use xlink:href=\"#i__apps\"><\/use><\/svg><\/i>Apps<\/span><\/a>\r\n<a class=\"hm-top\" itemprop=\"url\" href=\"https:\/\/demo-5play.test\"><span itemprop=\"name\"><i class=\"s-red c-icon\"><svg width=\"24\" height=\"24\"><use xlink:href=\"#i__cup\"><\/use><\/svg><\/i>TOP 100<\/span><\/a>\r\n<a class=\"hm-news\" itemprop=\"url\" href=\"https:\/\/demo-5play.test\/news\"><span itemprop=\"name\"><i class=\"s-blue c-icon\"><svg width=\"24\" height=\"24\"><use xlink:href=\"#i__flash\"><\/use><\/svg><\/i>News<\/span><\/a>\r\n\t\t\t\t\t\t","ex_themes_submenu_header_":"<a href=\"#\">Feedback<\/a>\r\n<a href=\"#\">Terms of use<\/a>\r\n<a href=\"#\">DMCA<\/a>\r\n<a href=\"#\">Copyright Holders<\/a>\r\n\t\t\t\t\t\t\t\t\t","latest_post_homes":"1","report_active":"0","ex_themes_related_posts_active_":"1","ex_themes_related_posts_title_":"Recommended for you","ex_themes_related_posts_numbers_":"6","aktif_ex_themes_gallery_images_gpstore_":"1","ex_themes_help_single_post_active_":"","ex_themes_help_single_post_":"<a class=\"link-faq\" href=\"#\">Installing games and programs<\/a>\r\n<a class=\"link-faq\" href=\"#\">Installing games with a cache<\/a>\r\n<a class=\"link-faq\" href=\"#\">How to make a screenshot<\/a>\r\n\t\t\t\t\t\t\t\t\t","ex_themes_details_safe":"<div class=\"title\">Safe to Download<\/div>\r\n\t\t\t\t<p>demo-5play.test and the download link of this app are 100% safe. All download links of apps listed on demo-5play.test are from Google Play Store or submitted by users. For the app from Google Play Store, demo-5play.test won't modify it in any way. For the app submitted by users, demo-5play.test will verify its APK signature safety before release it on our website.<\/p>\r\n\t\t\t\t<button class=\"closed\" data-fancybox-close=\"\">Got it<\/button>","no_jquery_post":"0","activated_latest_version":"1","title_latest_version":"All Version","title_version_apk":"Apk","title_version_mod":"Mod","limit_categorie":"12","categorie_games_id":"","categorie_apps_id":"","popular_ranges":"alltime","timer_active_":"","timer_fake_download":"3","ex_themes_nolink_activate_":"","ex_themes_adv_homes_active_":"","ex_themes_adv_homes_code_":"<div class=\"ads-here\"><i class=\"ads-img\"><\/i><i class=\"ads-content\"><\/i><i class=\"ads-button\"><\/i><\/div>","ex_themes_adv_homes_active_2":"","ex_themes_adv_homes_code_2":"<div class=\"ads-here\"><i class=\"ads-img\"><\/i><i class=\"ads-content\"><\/i><i class=\"ads-button\"><\/i><\/div>","ex_themes_adv_single_page_active_":"","ex_themes_adv_single_page_code_":"<div class=\"ads-here\"><i class=\"ads-img\"><\/i><i class=\"ads-content\"><\/i><i class=\"ads-button\"><\/i><\/div>","ex_themes_adv_single_page_active_2":"","ex_themes_adv_single_page_code_2":"<div class=\"ads-here\"><i class=\"ads-img\"><\/i><i class=\"ads-content\"><\/i><i class=\"ads-button\"><\/i><\/div>","ex_themes_adv_download_page_active_":"","ex_themes_adv_download_page_code_":"<div class=\"ads-here\"><i class=\"ads-img\"><\/i><i class=\"ads-content\"><\/i><i class=\"ads-button\"><\/i><\/div>","ex_themes_adv_download_page_active_2":"","ex_themes_adv_download_page_code_2":"<div class=\"ads-here\"><i class=\"ads-img\"><\/i><i class=\"ads-content\"><\/i><i class=\"ads-button\"><\/i><\/div>","ex_themes_webmaster_tools_active_":"","google_verif":"AvKGNc41mcT7TmHke8nHR5U99NHLk2-eJw_j6PyQq94","bing_verif":"BC97A518A2B909C0B1A76AD695E9A665","pinterest_verif":"put your code","yandex_verif":"bb0b65aedc95ce07","baidu_verif":"put your code","ex_themes_social_media_sidebar_active_":"","facebook_url":"https:\/\/www.facebook.com\/groups\/exthem.es","twitter_url":"https:\/\/twitter.com\/ExThemes","youtube_url":"https:\/\/www.youtube.com\/channel\/UCpcZNXk6ySLtwRSBN6fVyLA","instagram_url":"https:\/\/www.instagram.com\/exthem.es\/","telegram_url":"https:\/\/t.me\/exthemes_helps","pinterest_url":"https:\/\/pinterest.com\/exthemes","linked_url":"https:\/\/www.linkedin.com\/in\/bangreyblogs","VKontakte_url":"#","ex_themes_head_on_sections_active_":"","header_section":"","ex_themes_footers_sections_active_":"","ex_themes_footers_sections_":"","maintenances":"","maintenances_code":"<a href='https:\/\/exthem.es\/item\/5play-themes-premium\/' title='5Play v4.8' target='_blank'><b>5Play v4.8<\/b> We under maintenance for issues<\/a>","ex_themes_thumbnails_gpstore_active_":"","ex_themes_scheme_seo_activate_":"","disable_wpadmin":"1","minify_active":"","cdn_active":"","ex_themes_rtl_activate_":"","font_body_rtl":"'Kahfi', sans-serif","font_body_rtl_link_custom":"https:\/\/fonts.cdnfonts.com\/css\/kahfi","Languange_rtl":"ar","number_1":"\u06f1","number_2":"\u06f2","number_3":"\u06f3","number_4":"\u06f4","number_5":"\u06f5","number_6":"\u06f6","number_7":"\u06f7","number_8":"\u06f8","number_9":"\u06f9","number_0":"\u06f0","exthemes_Search":"I want to find...","exthemes_Search_2":"Search","exthemes_Find":"Find","exthemes_Add_new_post":"Add new post","exthemes_Logout":"Logout","exthemes_Authorization":"Authorization","exthemes_Recommend":"Recommend","exthemes_More":"More","exthemes_Last_news":"Last news","exthemes_All_news":"All news","exthemes_Read_more":"Read more","exthemes_Latest_comments":"Latest comments","exthemes_Take_comment":"Take a comment","exthemes_comment_Name":"Name","exthemes_comment_EMail":"E-Mail","exthemes_comment_text":"Comment text","exthemes_comment_Send":"Send","exthemes_comment_Comments":"Comments","exthemes_comment_Comment_on":"Comment on","exthemes_apk_info_Updated":"Updated","exthemes_apk_info_Version":"Version","exthemes_apk_info_developer":"Developer","exthemes_apk_info_Requirements":"Requirements","exthemes_apk_info_Android":"Android","exthemes_apk_info_Genre":"Genre","exthemes_apk_info_Views":"Views","exthemes_apk_info_Google_Play":"Google Play","exthemes_apk_info_Votes":"Votes:","exthemes_apk_info_Comments":"Comments:","exthemes_apk_info_Popularity":"Popularity","exthemes_apk_info_Download":"Download","exthemes_apk_info_Request_update":"Request for update","exthemes_apk_info_Share_friends":"Share with friends","exthemes_content_Description":"Description","exthemes_content_Whats_News":"Whats News","exthemes_content_Help":"Help","exthemes_content_Mod_info":"Mod info:","exthemes_content_Back_main":"Back to main","exthemes_Scroll_up":"Scroll up","exthemes_Screenshots":"Screenshots","exthemes_Enter_your_search_here":"Enter your search here","exthemes_Login_to":"Login to","exthemes_Logins":"Login","exthemes_Forgot_your_password":"Forgot your password?","exthemes_Password":"Password","exthemes_Registration":"Registration Page","exthemes_Like":"Like","exthemes_Dislike":"Dislike","exthemes_latest_post_index":"Latest Post","exthemes_more_by_developers":"More by Developers","exthemes_registration_":"Registration","exthemes_registration_1":"Thanks for Register","exthemes_registration_2":"First Name","exthemes_registration_3":"Last Name","exthemes_registration_4":"Username","exthemes_registration_5":"Password","exthemes_registration_6":"Confirm password","exthemes_registration_7":"E-Mail","exthemes_registration_8":"Send","exthemes_mods_info":"Mods","text_home_bcm":"Home","redux-backup":"1"}