{"last_tab":"7","ex_themes_extractor_apk_status_post_":"publish","ex_themes_extractor_apk_language_":"fa","ex_themes_extractor_apk_title_":"title","ex_themes_extractor_apk_permalink_":"title","title_app_name_active_":"0","duplicate_post":"1","ex_themes_logo_headers_active_":"","header_logo":{"url":"http:\/\/5play-rtl.demos.web.id\/wp-content\/themes\/5play\/assets\/img\/logos.png","id":"","height":"","width":"","thumbnail":"","title":"","caption":"","alt":"","description":""},"aktif_favicon":"","favicon":{"url":"http:\/\/5play-rtl.demos.web.id\/wp-content\/themes\/5play\/assets\/img\/logo_footer.png","id":"","height":"","width":"","thumbnail":"","title":"","caption":"","alt":"","description":""},"ex_themes_footers_code_active_":"","ex_themes_footers_code_":"","ex_themes_footers_copyrights_active_":"","ex_themes_footers_copyrights_code_":"<a href='http:\/\/5play-rtl.demos.web.id'>5play rtl<\/a> - \u00a9 <script type='text\/javascript'>var creditsyear = new Date();document.write(creditsyear.getFullYear());<\/script> All rights reserved - Developer by <a href='https:\/\/exthem.es' title='premium wordpress themes - Exthemes Devs'><strong style='text-transform: capitalize;'>Exthemes Devs<\/strong><\/a>","font_body":"'Segoe UI', sans-serif","font_body_link_custom":"https:\/\/fonts.cdnfonts.com\/css\/segoe-ui-4","bg_color":"#EFF7F1","bg_color_dark":"#172B3D","header_color":"#ffffff","header_color_dark":"#2A4055","footer_color":"#142636","footer_color_dark":"#091521","color_link":"#999999","color_link_dark":"#ffffff","color_link_hover":"#438bd3","color_link_menu":"#000000","color_link_menu_dark":"#ffffff","color_text":"#172B3D","color_text_dark":"#ffffff","color_button":"#008080","color_border_button":"#008080","color_button_hover":"#008080","color_svg":"#008080","color_svg_hover":"#008080","color_rgba":"#FEDE4A","color_rgba_background":"#008080","color_sosmed_icon":"#008080","color_s_yellow":"#f9bd3b","color_s_yellow_bg":"#FEDE4A","color_s_yellow_bg_2":"#F8B035","color_s_green":"#45c368","color_s_green_bg":"#4CCB70","color_s_green_bg_2":"#3DBA60","color_s_purple":"#9248e1","color_s_purple_bg":"#9B54E8","color_s_purple_bg_2":"#7126C1","color_s_red":"#fb614a","color_s_red_bg":"#FF715C","color_s_red_bg_2":"#F74A2F","color_s_blue":"#37a9e4","color_s_blue_bg":"#38B9E6","color_s_blue_bg_2":"#368BE1","dark_section_bg":"#172B3D","dark_section_bg_dark":"#0F1F2E","entry_bg":"#ffffff","entry_bg_dark":"#273D52","opacity":"1","ex_themes_menu_header_":"<a class=\"hm-games\" itemprop=\"url\" href=\"http:\/\/5play-rtl.demos.web.id\/top-games\/\"><span itemprop=\"name\"><i class=\"s-yellow c-icon\"><svg width=\"24\" height=\"24\"><use xlink:href=\"#i__gamepad\"><\/use><\/svg><\/i> \u0628\u0627\u0632\u06cc \u0627\u0646\u062f\u0631\u0648\u06cc\u062f<\/span><\/a>\r\n<a class=\"hm-apps\" itemprop=\"url\" href=\"http:\/\/5play-rtl.demos.web.id\/top-apps\/\"><span itemprop=\"name\"><i class=\"s-purple c-icon\"><svg width=\"24\" height=\"24\"><use xlink:href=\"#i__apps\"><\/use><\/svg><\/i> \u0628\u0631\u0646\u0627\u0645\u0647 \u0627\u0646\u062f\u0631\u0648\u06cc\u062f<\/span><\/a>\r\n<a class=\"hm-top\" itemprop=\"url\" href=\"http:\/\/5play-rtl.demos.web.id\/top-100\/\"><span itemprop=\"name\"><i class=\"s-red c-icon\"><svg width=\"24\" height=\"24\"><use xlink:href=\"#i__cup\"><\/use><\/svg><\/i>\u0628\u0627\u0644\u0627\u06cc 100<\/span><\/a>\r\n<a class=\"hm-news\" itemprop=\"url\" href=\"http:\/\/5play-rtl.demos.web.id\/news\"><span itemprop=\"name\"><i class=\"s-blue c-icon\"><svg width=\"24\" height=\"24\"><use xlink:href=\"#i__flash\"><\/use><\/svg><\/i>\u0627\u062e\u0628\u0627\u0631<\/span><\/a>\r\n\t\t\t\t\t\t","ex_themes_submenu_header_":"<a href=\"#\">\u0628\u0627\u0632\u062e\u0648\u0631\u062f<\/a>\r\n<a href=\"#\">\u0634\u0631\u0627\u06cc\u0637 \u0627\u0633\u062a\u0641\u0627\u062f\u0647<\/a>\r\n<a href=\"#\">dmca<\/a>\r\n<a href=\"#\">\u06a9\u067e\u06cc \u0631\u0627\u06cc\u062a<\/a>\r\n\t\t\t\t\t\t\t\t\t","latest_post_homes":"1","report_active":"1","ex_themes_related_posts_active_":"1","ex_themes_related_posts_title_":"\u062a\u0648\u0635\u06cc\u0647 \u0634\u062f\u0647 \u0628\u0631\u0627\u06cc \u0634\u0645\u0627","ex_themes_related_posts_numbers_":"6","aktif_ex_themes_gallery_images_gpstore_":"1","ex_themes_help_single_post_active_":"","ex_themes_help_single_post_":"<a class=\"link-faq\" href=\"#\">Installing games and programs<\/a>\r\n<a class=\"link-faq\" href=\"#\">Installing games with a cache<\/a>\r\n<a class=\"link-faq\" href=\"#\">How to make a screenshot<\/a>\r\n\t\t\t\t\t\t\t\t\t","ex_themes_details_safe":"<div class=\"title\">Safe to Download<\/div>\r\n\t\t\t\t<p>5play-rtl.demos.web.id and the download link of this app are 100% safe. All download links of apps listed on 5play-rtl.demos.web.id are from Google Play Store or submitted by users. For the app from Google Play Store, 5play-rtl.demos.web.id won't modify it in any way. For the app submitted by users, 5play-rtl.demos.web.id will verify its APK signature safety before release it on our website.<\/p>\r\n\t\t\t\t<button class=\"closed\" data-fancybox-close=\"\">Got it<\/button>","no_jquery_post":"1","activated_latest_version":"1","title_latest_version":"\u0647\u0645\u0647 \u0646\u0633\u062e\u0647","title_version_apk":"Apk","title_version_mod":"\u0645\u062f","limit_categorie":"12","categorie_games_id":"3","categorie_apps_id":"2","popular_ranges":"alltime","timer_active_":"1","timer_fake_download":"13","ex_themes_nolink_activate_":"1","ex_themes_adv_homes_active_":"","ex_themes_adv_homes_code_":"<div class=\"ads-here\"><i class=\"ads-img\"><\/i><i class=\"ads-content\"><\/i><i class=\"ads-button\"><\/i><\/div>","ex_themes_adv_homes_active_2":"","ex_themes_adv_homes_code_2":"<div class=\"ads-here\"><i class=\"ads-img\"><\/i><i class=\"ads-content\"><\/i><i class=\"ads-button\"><\/i><\/div>","ex_themes_adv_single_page_active_":"","ex_themes_adv_single_page_code_":"<div class=\"ads-here\"><i class=\"ads-img\"><\/i><i class=\"ads-content\"><\/i><i class=\"ads-button\"><\/i><\/div>","ex_themes_adv_single_page_active_2":"","ex_themes_adv_single_page_code_2":"<div class=\"ads-here\"><i class=\"ads-img\"><\/i><i class=\"ads-content\"><\/i><i class=\"ads-button\"><\/i><\/div>","ex_themes_adv_download_page_active_":"","ex_themes_adv_download_page_code_":"<div class=\"ads-here\"><i class=\"ads-img\"><\/i><i class=\"ads-content\"><\/i><i class=\"ads-button\"><\/i><\/div>","ex_themes_adv_download_page_active_2":"","ex_themes_adv_download_page_code_2":"<div class=\"ads-here\"><i class=\"ads-img\"><\/i><i class=\"ads-content\"><\/i><i class=\"ads-button\"><\/i><\/div>","ex_themes_webmaster_tools_active_":"","google_verif":"AvKGNc41mcT7TmHke8nHR5U99NHLk2-eJw_j6PyQq94","bing_verif":"BC97A518A2B909C0B1A76AD695E9A665","pinterest_verif":"put your code","yandex_verif":"bb0b65aedc95ce07","baidu_verif":"put your code","ex_themes_social_media_sidebar_active_":"","facebook_url":"https:\/\/www.facebook.com\/groups\/exthem.es","twitter_url":"https:\/\/twitter.com\/ExThemes","youtube_url":"https:\/\/www.youtube.com\/channel\/UCpcZNXk6ySLtwRSBN6fVyLA","instagram_url":"https:\/\/www.instagram.com\/exthem.es\/","telegram_url":"https:\/\/t.me\/exthemes_helps","pinterest_url":"https:\/\/pinterest.com\/exthemes","linked_url":"https:\/\/www.linkedin.com\/in\/bangreyblogs","VKontakte_url":"#","ex_themes_head_on_sections_active_":"","header_section":"","ex_themes_footers_sections_active_":"","ex_themes_footers_sections_":"","maintenances":"","maintenances_code":"<a href='https:\/\/exthem.es\/item\/5play-themes-premium\/' title='5Play v4.8' target='_blank'><b>5Play v4.8<\/b> We under maintenance for issues<\/a>","ex_themes_thumbnails_gpstore_active_":"","ex_themes_scheme_seo_activate_":"","disable_wpadmin":"1","minify_active":"","cdn_active":"","ex_themes_rtl_activate_":"1","font_body_rtl":"'Kahfi', sans-serif","font_body_rtl_link_custom":"https:\/\/fonts.cdnfonts.com\/css\/kahfi","Languange_rtl":"fa-IR","number_1":"\u06f1","number_2":"\u06f2","number_3":"\u06f3","number_4":"\u06f4","number_5":"\u06f5","number_6":"\u06f6","number_7":"\u06f7","number_8":"\u06f8","number_9":"\u06f9","number_0":"\u06f0","exthemes_Search":"\u0645\u06cc\u062e\u0648\u0627\u0645 \u067e\u06cc\u062f\u0627 \u06a9\u0646\u0645...","exthemes_Search_2":"\u062c\u0633\u062a\u062c\u0648 \u06a9\u0631\u062f\u0646","exthemes_Find":"\u067e\u06cc\u062f\u0627 \u06a9\u0631\u062f\u0646","exthemes_Add_new_post":"\u0627\u0636\u0627\u0641\u0647 \u06a9\u0631\u062f\u0646 \u067e\u0633\u062a \u062c\u062f\u06cc\u062f","exthemes_Logout":"\u062e\u0631\u0648\u062c","exthemes_Authorization":"\u0645\u062c\u0648\u0632","exthemes_Recommend":"\u062a\u0648\u0635\u06cc\u0647","exthemes_More":"\u0628\u06cc\u0634\u062a\u0631","exthemes_Last_news":"\u0622\u062e\u0631\u06cc\u0646 \u0627\u062e\u0628\u0627\u0631","exthemes_All_news":"\u0647\u0645\u0647 \u0627\u062e\u0628\u0627\u0631","exthemes_Read_more":"\u0627\u062f\u0627\u0645\u0647 \u0645\u0637\u0644\u0628","exthemes_Latest_comments":"\u0622\u062e\u0631\u06cc\u0646 \u0646\u0638\u0631\u0627\u062a","exthemes_Take_comment":"\u0646\u0638\u0631 \u0628\u062f\u0647","exthemes_comment_Name":"\u0646\u0627\u0645","exthemes_comment_EMail":"\u067e\u0633\u062a \u0627\u0644\u06a9\u062a\u0631\u0648\u0646\u06cc\u06a9","exthemes_comment_text":"\u0645\u062a\u0646 \u0646\u0638\u0631","exthemes_comment_Send":"\u0627\u0631\u0633\u0627\u0644","exthemes_comment_Comments":"\u0646\u0638\u0631\u0627\u062a","exthemes_comment_Comment_on":"\u0646\u0638\u0631 \u062f\u0627\u062f\u0646 \u062f\u0631 \u0645\u0648\u0631\u062f","exthemes_apk_info_Updated":"\u0628\u0647 \u0631\u0648\u0632 \u0634\u062f","exthemes_apk_info_Version":"\u0646\u0633\u062e\u0647","exthemes_apk_info_developer":"\u062a\u0648\u0633\u0639\u0647 \u062f\u0647\u0646\u062f\u0647","exthemes_apk_info_Requirements":"\u0627\u0644\u0632\u0627\u0645\u0627\u062a","exthemes_apk_info_Android":"\u0627\u0646\u062f\u0631\u0648\u06cc\u062f","exthemes_apk_info_Genre":"\u0698\u0627\u0646\u0631. \u062f\u0633\u062a\u0647","exthemes_apk_info_Views":"\u0628\u0627\u0632\u062f\u06cc\u062f\u0647\u0627","exthemes_apk_info_Google_Play":"\u06af\u0648\u06af\u0644 \u067e\u0644\u06cc","exthemes_apk_info_Votes":"\u0631\u0627\u06cc:","exthemes_apk_info_Comments":"\u0646\u0638\u0631\u0627\u062a:","exthemes_apk_info_Popularity":"\u0645\u062d\u0628\u0648\u0628\u06cc\u062a","exthemes_apk_info_Download":"\u062f\u0627\u0646\u0644\u0648\u062f","exthemes_apk_info_Request_update":"\u062f\u0631\u062e\u0648\u0627\u0633\u062a \u0628\u0647 \u0631\u0648\u0632 \u0631\u0633\u0627\u0646\u06cc","exthemes_apk_info_Share_friends":"\u0628\u0627 \u062f\u0648\u0633\u062a\u0627\u0646 \u0628\u0647 \u0627\u0634\u062a\u0631\u0627\u06a9 \u06af\u0630\u0627\u0634\u062a\u0646","exthemes_content_Description":"\u0634\u0631\u062d","exthemes_content_Whats_News":"\u0686\u0647 \u062e\u0628\u0631","exthemes_content_Help":"\u06a9\u0645\u06a9","exthemes_content_Mod_info":"\u0627\u0637\u0644\u0627\u0639\u0627\u062a \u0645\u0648\u062f:","exthemes_content_Back_main":"\u0628\u0627\u0632\u06af\u0634\u062a \u0628\u0647 \u0627\u0635\u0644","exthemes_Scroll_up":"\u0628\u06a9\u0634 \u0628\u0627\u0644\u0627","exthemes_Screenshots":"\u0627\u0633\u06a9\u0631\u06cc\u0646 \u0634\u0627\u062a \u0647\u0627","exthemes_Enter_your_search_here":"\u062c\u0633\u062a\u062c\u0648\u06cc \u062e\u0648\u062f \u0631\u0627 \u062f\u0631 \u0627\u06cc\u0646\u062c\u0627 \u0648\u0627\u0631\u062f \u06a9\u0646\u06cc\u062f","exthemes_Login_to":"\u0648\u0631\u0648\u062f \u0628\u0647","exthemes_Logins":"\u0648\u0627\u0631\u062f \u0634\u062f\u0646","exthemes_Forgot_your_password":"\u0631\u0645\u0632 \u0639\u0628\u0648\u0631 \u062e\u0648\u062f \u0631\u0627 \u0641\u0631\u0627\u0645\u0648\u0634 \u06a9\u0631\u062f\u0647 \u0627\u06cc\u062f\u061f","exthemes_Password":"\u06a9\u0644\u0645\u0647 \u0639\u0628\u0648\u0631","exthemes_Registration":"\u0635\u0641\u062d\u0647 \u062b\u0628\u062a \u0646\u0627\u0645","exthemes_Like":"\u067e\u0633\u0646\u062f\u06cc\u062f\u0646","exthemes_Dislike":"\u062f\u0648\u0633\u062a \u0646\u062f\u0627\u0634\u062a\u0646","exthemes_latest_post_index":"\u0622\u062e\u0631\u06cc\u0646 \u067e\u0633\u062a","exthemes_more_by_developers":"\u0628\u06cc\u0634\u062a\u0631 \u062a\u0648\u0633\u0637 \u062a\u0648\u0633\u0639\u0647 \u062f\u0647\u0646\u062f\u06af\u0627\u0646","exthemes_registration_":"\u062b\u0628\u062a","exthemes_registration_1":"\u0628\u0627 \u062a\u0634\u06a9\u0631 \u0627\u0632 \u062b\u0628\u062a \u0646\u0627\u0645","exthemes_registration_2":"\u0646\u0627\u0645 \u06a9\u0648\u0686\u06a9","exthemes_registration_3":"\u0646\u0627\u0645 \u062e\u0627\u0646\u0648\u0627\u062f\u06af\u06cc","exthemes_registration_4":"\u0646\u0627\u0645 \u06a9\u0627\u0631\u0628\u0631\u06cc","exthemes_registration_5":"\u06a9\u0644\u0645\u0647 \u0639\u0628\u0648\u0631","exthemes_registration_6":"\u0631\u0645\u0632 \u0639\u0628\u0648\u0631 \u0631\u0627 \u062a\u0627\u06cc\u06cc\u062f \u06a9\u0646\u06cc\u062f","exthemes_registration_7":"\u067e\u0633\u062a \u0627\u0644\u06a9\u062a\u0631\u0648\u0646\u06cc\u06a9","exthemes_registration_8":"\u0627\u0631\u0633\u0627\u0644","exthemes_mods_info":"\u0645\u062f\u0647\u0627","text_home_bcm":"\u062e\u0627\u0646\u0647","redux-backup":"1"}